<component name="ProjectRunConfigurationManager">
  <configuration default="false" name="Potato" type="Application" factoryName="Application" nameIsGenerated="true">
    <option name="MAIN_CLASS_NAME" value="potato.Potato" />
    <module name="RealmShark.main" />
    <extension name="coverage">
      <pattern>
        <option name="PATTERN" value="potato.*" />
        <option name="ENABLED" value="true" />
      </pattern>
    </extension>
    <method v="2">
      <option name="Make" enabled="true" />
    </method>
  </configuration>
</component>