{
  "name": "@ndaidong/txtgen",
  "version": "4.0.1",
  "description": "Util for generating random sentences, paragraphs and articles in English",
  "homepage": "https://github.com/ndaidong/txtgen",
  "repository": {
    "type": "git",
    "url": "git+https://github.com/ndaidong/txtgen.git"
  },
  "author": "@ndaidong",
  "license": "MIT",
  "tasks": {
    "build": "deno run -A ./scripts/build_npm.ts"
  },
  "imports": {
    "assert": "https://deno.land/std@0.224.0/assert/mod.ts",
    "@deno/dnt": "jsr:@deno/dnt@^0.41.2"
  },
  "exports": "./mod.ts",
  "test": {
    "include": ["tests"],
    "exclude": []
  },
  "publish": {
    "include": [
      "LICENSE",
      "README.md",
      "mod.ts",
      "utils/*.ts",
      "tests/*.ts"
    ]
  }
}
